{
  "project_info": {
    "project_number": "330592653489",
    "firebase_url": "https://fir-databasekullanimi-44dec.firebaseio.com",
    "project_id": "fir-databasekullanimi-44dec",
    "storage_bucket": "fir-databasekullanimi-44dec.appspot.com"
  },
  "client": [
    {
      "client_info": {
        "mobilesdk_app_id": "1:330592653489:android:ee0956a84c0241ea",
        "android_client_info": {
          "package_name": "com.example.firebasedatabasekullanimi"
        }
      },
      "oauth_client": [
        {
          "client_id": "330592653489-rp9i9p20scnvvecjrimmbf39nob9emd7.apps.googleusercontent.com",
          "client_type": 1,
          "android_info": {
            "package_name": "com.example.firebasedatabasekullanimi",
            "certificate_hash": "6cd8e8d48e29e3849a6de58a1475dbc2f0fa022e"
          }
        }
      ],
      "api_key": [
        {
          "current_key": "AIzaSyCZXLc3x2hCmeHfxGIBevf4w5sTKMQ3xFc"
        }
      ],
      "services": {
        "appinvite_service": {
          "other_platform_oauth_client": [
            {
              "client_id": "330592653489-b9odn9ojs5sdbmmg1fvnkg9a1k69gea9.apps.googleusercontent.com",
              "client_type": 3
            }
          ]
        }
      }
    }
  ],
  "configuration_version": "1"
}