{
  "project_info": {
    "project_number": "786534995970",
    "firebase_url": "https://fir-cloudmessaging-2ef06.firebaseio.com",
    "project_id": "fir-cloudmessaging-2ef06",
    "storage_bucket": "fir-cloudmessaging-2ef06.appspot.com"
  },
  "client": [
    {
      "client_info": {
        "mobilesdk_app_id": "1:786534995970:android:7385506c386c2619",
        "android_client_info": {
          "package_name": "com.example.firebasecloudmessaging"
        }
      },
      "oauth_client": [
        {
          "client_id": "786534995970-bikibk84evsl7feri8l1oag7ck1und1t.apps.googleusercontent.com",
          "client_type": 1,
          "android_info": {
            "package_name": "com.example.firebasecloudmessaging",
            "certificate_hash": "6cd8e8d48e29e3849a6de58a1475dbc2f0fa022e"
          }
        }
      ],
      "api_key": [
        {
          "current_key": "AIzaSyC0bC5fX5HMVHsh6487FOJTrndF-Q27ZWI"
        }
      ],
      "services": {
        "appinvite_service": {
          "other_platform_oauth_client": [
            {
              "client_id": "786534995970-5jns6a13kg3ejrt8tvs4g7n6p88lgv2s.apps.googleusercontent.com",
              "client_type": 3
            }
          ]
        }
      }
    }
  ],
  "configuration_version": "1"
}